{
  "1": {
    "E_m": 2,
    "O_m": 2,
    "Z_m": 4,
    "period": 4,
    "ratio_E_Z": 0.5,
    "bias": 0.0,
    "S_formula": 0.9
  },
  "2": {
    "E_m": 9,
    "O_m": 9,
    "Z_m": 18,
    "period": 20,
    "ratio_E_Z": 0.5,
    "bias": 0.0,
    "S_formula": 0.9
  },
  "3": {
    "E_m": 41,
    "O_m": 40,
    "Z_m": 81,
    "period": 100,
    "ratio_E_Z": 0.5061728395061729,
    "bias": 0.006172839506172867,
    "S_formula": 0.8987654320987655
  },
  "4": {
    "E_m": 182,
    "O_m": 182,
    "Z_m": 364,
    "period": 500,
    "ratio_E_Z": 0.5,
    "bias": 0.0,
    "S_formula": 0.9
  },
  "5": {
    "E_m": 819,
    "O_m": 819,
    "Z_m": 1638,
    "period": 2500,
    "ratio_E_Z": 0.5,
    "bias": 0.0,
    "S_formula": 0.9
  },
  "6": {
    "E_m": 3685,
    "O_m": 3686,
    "Z_m": 7371,
    "period": 12500,
    "ratio_E_Z": 0.49993216659883327,
    "bias": 6.783340116672809e-05,
    "S_formula": 0.9000135666802334
  },
  "7": {
    "E_m": 16582,
    "O_m": 16588,
    "Z_m": 33170,
    "period": 62500,
    "ratio_E_Z": 0.49990955682845944,
    "bias": 9.044317154055515e-05,
    "S_formula": 0.9000180886343081
  },
  "8": {
    "E_m": 74639,
    "O_m": 74629,
    "Z_m": 149268,
    "period": 312500,
    "ratio_E_Z": 0.5000334967977061,
    "bias": 3.349679770614511e-05,
    "S_formula": 0.8999933006404588
  },
  "9": {
    "E_m": 335852,
    "O_m": 335849,
    "Z_m": 671701,
    "period": 1562500,
    "ratio_E_Z": 0.50000223313647,
    "bias": 2.2331364699645917e-06,
    "S_formula": 0.899999553372706
  },
  "10": {
    "E_m": 1511320,
    "O_m": 1511333,
    "Z_m": 3022653,
    "period": 7812500,
    "ratio_E_Z": 0.49999784957122106,
    "bias": 2.1504287789353427e-06,
    "S_formula": 0.9000004300857558
  },
  "11": {
    "E_m": 6800982,
    "O_m": 6800963,
    "Z_m": 13601945,
    "period": 39062500,
    "ratio_E_Z": 0.5000006984295261,
    "bias": 6.984295261025508e-07,
    "S_formula": 0.8999998603140948
  },
  "12": {
    "E_m": 30604369,
    "O_m": 30604374,
    "Z_m": 61208743,
    "period": 195312500,
    "ratio_E_Z": 0.49999995915616174,
    "bias": 4.084383825597726e-08,
    "S_formula": 0.9000000081687677
  },
  "_meta": {
    "M_MAX": 12,
    "theta_full": 0.2939145222621842,
    "theta_late": 0.28940251084219226
  }
}