{
  "N_MAX": 50000,
  "zeroless_count": 35,
  "max_zeroless": 86,
  "zeroless_ns": [
    1,
    2,
    3,
    4,
    5,
    6,
    7,
    8,
    9,
    13,
    14,
    15,
    16,
    18,
    19,
    24,
    25,
    27,
    28,
    31,
    32,
    33,
    34,
    35,
    36,
    37,
    39,
    49,
    51,
    67,
    72,
    76,
    77,
    81,
    86
  ],
  "survival_rates": {
    "1": 1.0,
    "2": 0.9000340020401224,
    "3": 0.9000577829140368,
    "4": 0.8988295140260767,
    "5": 0.900021979229628,
    "6": 0.9000793747710343,
    "7": 0.9002747532308945,
    "8": 0.8968765306506914,
    "9": 0.9021510797411982,
    "10": 0.8989800195612687,
    "11": 0.9045028239805172,
    "12": 0.8962929009339369,
    "13": 0.8993031136116617,
    "14": 0.8994739087160529,
    "15": 0.9054694909895669,
    "16": 0.902226102138804,
    "17": 0.90100638668473,
    "18": 0.9010847384813662,
    "19": 0.897854588796186,
    "20": 0.901898314084694,
    "21": 0.8925522519870474,
    "22": 0.8998845456044863,
    "23": 0.8995417048579285,
    "24": 0.9021606196494089,
    "25": 0.9059887005649717,
    "26": 0.8929640718562875,
    "27": 0.8974287311347121,
    "28": 0.8919339769542198,
    "29": 0.903282122905028,
    "30": 0.8979512949362196
  },
  "death_level_histogram": {
    "3": 4497,
    "6": 3273,
    "2": 4998,
    "5": 3639,
    "4": 4097,
    "9": 2329,
    "12": 1810,
    "13": 1575,
    "8": 2737,
    "11": 1843,
    "14": 1414,
    "7": 2940,
    "15": 1196,
    "24": 480,
    "18": 921,
    "16": 1120,
    "37": 126,
    "20": 739,
    "22": 607,
    "27": 367,
    "28": 347,
    "30": 264,
    "21": 730,
    "39": 86,
    "26": 429,
    "17": 1023,
    "19": 857,
    "55": 16,
    "10": 2169,
    "23": 548,
    "31": 245,
    "35": 162,
    "32": 203,
    "53": 21,
    "43": 72,
    "25": 416,
    "45": 53,
    "29": 277,
    "42": 83,
    "38": 110,
    "40": 104,
    "36": 119,
    "54": 27,
    "58": 16,
    "41": 71,
    "33": 180,
    "34": 154,
    "46": 43,
    "44": 58,
    "50": 29,
    "60": 18,
    "56": 17,
    "94": 3,
    "82": 4,
    "51": 28,
    "47": 40,
    "63": 3,
    "61": 10,
    "52": 37,
    "49": 46,
    "62": 9,
    "69": 2,
    "57": 15,
    "59": 10,
    "65": 9,
    "68": 7,
    "74": 4,
    "48": 36,
    "83": 1,
    "67": 8,
    "70": 10,
    "85": 1,
    "116": 1,
    "76": 2,
    "66": 4,
    "72": 3,
    "71": 4,
    "64": 2,
    "80": 1,
    "91": 1,
    "79": 1,
    "93": 1,
    "98": 1,
    "78": 1,
    "96": 1,
    "77": 1,
    "73": 1,
    "113": 1,
    "86": 1
  }
}